Handle,Title,Body (HTML),Vendor,Type,Tags,Published,Option1 Name,Option1 Value,Variant SKU,Variant Grams,Variant Inventory Policy,Variant Fulfillment Service,Variant Price,Variant Requires Shipping,Variant Taxable,Status
roam-boost,Roam Boost,"<p>Clip-on power assist for manual wheelchairs. Push less, go further.</p><ul><li>Fits most rigid and folding frames with 22 to 26 inch wheels</li><li>Range: up to 20 km per charge</li><li>Top assisted speed: 6 km/h</li><li>Weight: 5.8 kg</li><li>Clips on and off without tools</li></ul>",Roam,Mobility,"mobility, get-around, travel, wheelchair, wheelchair-gear",TRUE,Title,Default Title,ROAM-BOOST,5800,deny,manual,57500,TRUE,TRUE,active
roam-court-wheels,Roam Court Wheels,"<p>Sports wheels for court and track. Sold as a pair.</p><ul><li>Size: 24 inch</li><li>Quick-release axles, 12.7 mm (check your chair before ordering)</li><li>Works with cambered sports frames</li><li>Weight: 1.9 kg per wheel</li><li>Aluminium push rims included</li></ul>",Roam,Mobility,"mobility, sports, wheelchair, wheelchair-gear",TRUE,Title,Default Title,ROAM-COURT-WHEELS,3800,deny,manual,31900,TRUE,TRUE,active
roam-court-wheelchair,Roam Court Wheelchair,"<p>A wheelchair built for contact sports. The bumper and wings take the hits.</p><ul><li>Frame: welded aluminium, built to your measurements</li><li>Wheels: 24 inch with solid spoke guards, 18 degree camber</li><li>Front bumper and side wings</li><li>Anti-tip rear caster</li><li>Weight: 16 kg</li><li>Build time: 6 weeks</li></ul>",Roam,Mobility,"mobility, sports, wheelchair, wheelchair-gear",TRUE,Title,Default Title,ROAM-COURT-CHAIR,16000,deny,manual,89000,TRUE,TRUE,active
roam-all-terrain-rollator,Roam All-Terrain Rollator,"<p>A rollator for pavements, grass and gravel. Sit when you want to.</p><ul><li>Front wheels: 25 cm, air-free tyres</li><li>Seat height: 55 cm</li><li>Supports up to 136 kg</li><li>Weight: 8.7 kg</li><li>Hand brakes with parking lock</li><li>Folds flat for the car</li></ul>",Roam,Mobility,"mobility, get-around, travel, walking-aid, canes-walkers",TRUE,Title,Default Title,ROAM-ROLLATOR,8700,deny,manual,12900,TRUE,TRUE,active
roam-trail-cane,Roam Trail Cane,"<p>A carbon-fibre cane that folds into your bag.</p><ul><li>Height: adjusts from 84 to 94 cm</li><li>Folds to 30 cm</li><li>Supports up to 100 kg</li><li>Weight: 290 g</li><li>Ergonomic handle, non-slip rubber tip</li></ul>",Roam,Mobility,"mobility, get-around, travel, everyday, walking-aid, canes-walkers",TRUE,Title,Default Title,ROAM-TRAIL-CANE,290,deny,manual,2190,TRUE,TRUE,active
roam-grip-aid,Roam Grip Aid,"<p>Holds your hand to the handle so you can train with a limited grip.</p><ul><li>Works with weights, rackets, paddles and handlebars</li><li>One size, fits left or right hand</li><li>Wide hook-and-loop wrist strap with pull tab</li><li>Weight: 120 g</li><li>Machine washable</li></ul>",Roam,Mobility,"mobility, dexterity, sports, grip-recovery",TRUE,Title,Default Title,ROAM-GRIP-AID,120,deny,manual,1390,TRUE,TRUE,active
roam-clamp-phone-mount,Roam Clamp Phone Mount,"<p>Keeps your phone in reach on a wheelchair or rollator.</p><ul><li>Clamps to tubing from 19 to 38 mm</li><li>Holds phones from 4.7 to 6.9 inches</li><li>Rotates 360 degrees</li><li>Weight: 210 g</li><li>Large knob, no tools needed</li></ul>",Roam,Mobility,"mobility, everyday, travel, wheelchair, walking-aid, wheelchair-gear",TRUE,Title,Default Title,ROAM-PHONE-MOUNT,210,deny,manual,1090,TRUE,TRUE,active
roam-light-touch-keyboard,Roam Light Touch Keyboard,"<p>Big keys that need only a light press. Built for limited finger movement.</p><ul><li>Key size: 25 mm, widely spaced</li><li>Removable keyguard stops accidental presses</li><li>Connects by USB-C or Bluetooth</li><li>Works with Windows, macOS, Android and iPadOS</li><li>Weight: 780 g</li></ul>",Roam,Hands and dexterity,"dexterity, everyday, keyboards",TRUE,Title,Default Title,ROAM-LIGHT-TOUCH,780,deny,manual,6400,TRUE,TRUE,active
roam-recover,Roam Recover,"<p>A massage gun you can hold with a limited grip. For warm-up and after training.</p><ul><li>Closed loop handle: slide your hand through, no squeezing</li><li>One large button, 4 speeds</li><li>Battery: up to 3 hours</li><li>Weight: 650 g</li><li>Not a medical device</li></ul>",Roam,Hands and dexterity,"dexterity, sports, grip-recovery",TRUE,Title,Default Title,ROAM-RECOVER,650,deny,manual,4690,TRUE,TRUE,active
roam-flash-doorbell,Roam Flash Doorbell,"<p>A doorbell you see. The receiver flashes when someone presses the button.</p><ul><li>Wireless range: up to 150 m</li><li>Bright strobe light, optional chime</li><li>Plug-in receiver, 220 V</li><li>Weatherproof door button, battery included</li><li>Weight: 260 g</li></ul>",Roam,Deaf and hard of hearing,"deaf-hoh, everyday, alerts, home-tech",TRUE,Title,Default Title,ROAM-FLASH-DOORBELL,260,deny,manual,2790,TRUE,TRUE,active
roam-shake-alarm-clock,Roam Shake Alarm Clock,"<p>Wakes you by shaking the bed and flashing a light.</p><ul><li>Bed-shaker disc goes under your pillow or mattress</li><li>3 alert modes: shake, flash, or both</li><li>Large dimmable display</li><li>Battery backup for power cuts</li><li>Weight: 480 g</li></ul>",Roam,Deaf and hard of hearing,"deaf-hoh, everyday, travel, alerts, home-tech",TRUE,Title,Default Title,ROAM-SHAKE-ALARM,480,deny,manual,2590,TRUE,TRUE,active
roam-buzz-band,Roam Buzz Band,"<p>A wristband that taps your wrist when something needs you: your phone, your doorbell or your alarm.</p><ul><li>Vibrates for calls, messages, alarms and timers</li><li>Pairs with the Roam Flash Doorbell and Shake Alarm Clock</li><li>A different vibration pattern for each alert</li><li>Bluetooth: iOS and Android</li><li>Battery: up to 7 days</li><li>Water-resistant, weight: 28 g</li></ul>",Roam,Deaf and hard of hearing,"deaf-hoh, everyday, travel, alerts",TRUE,Title,Default Title,ROAM-BUZZ-BAND,28,deny,manual,2990,TRUE,TRUE,active
roam-caption-screen,Roam Caption Screen,"<p>A pocket screen that turns speech into text as people talk. Put it on the table and read the conversation.</p><ul><li>Live captions in English and Filipino</li><li>Large text, 5 inch screen</li><li>Works without internet for English</li><li>Two microphones pick up voices up to 3 metres away</li><li>Battery: up to 10 hours</li><li>Weight: 180 g</li></ul>",Roam,Deaf and hard of hearing,"deaf-hoh, everyday, travel, communication",TRUE,Title,Default Title,ROAM-CAPTION-SCREEN,180,deny,manual,8900,TRUE,TRUE,active
roam-smoke-alert,Roam Smoke Alert,<p>A smoke alarm you see and feel. It flashes a bright light and shakes your bed.</p><ul><li>Bright strobe light and loud siren</li><li>Wireless bed-shaker pad included</li><li>Smoke sensor with a test button</li><li>10-year sealed battery in the alarm</li><li>Mounts with two screws</li><li>Weight: 520 g</li></ul>,Roam,Deaf and hard of hearing,"deaf-hoh, everyday, alerts, home-tech",TRUE,Title,Default Title,ROAM-SMOKE-ALERT,520,deny,manual,4490,TRUE,TRUE,active
roam-care-kit,Roam Care Kit,"<p>Everything for looking after hearing aids and cochlear processors, in one pocket case.</p><ul><li>Drying case with reusable drying capsule</li><li>Cleaning brush, wax pick and vent cleaner</li><li>Soft cloth and battery tester</li><li>Fits behind-the-ear and in-ear aids</li><li>Hard zip case, 11 cm wide</li><li>Weight: 160 g</li></ul>",Roam,Deaf and hard of hearing,"deaf-hoh, everyday, travel",TRUE,Title,Default Title,ROAM-CARE-KIT,160,deny,manual,690,TRUE,TRUE,active
roam-tv-listener,Roam TV Listener,"<p>Wireless headphones with their own volume, so you hear the TV clearly without turning it up for everyone.</p><ul><li>Your own volume and tone dial, separate left and right</li><li>Speech boost makes voices stand out from music</li><li>Plugs into any TV: optical, HDMI ARC or 3.5 mm</li><li>Range: up to 30 metres</li><li>Battery: up to 16 hours, charging stand included</li><li>Weight: 210 g</li></ul>",Roam,Deaf and hard of hearing,"deaf-hoh, everyday, home-tech",TRUE,Title,Default Title,ROAM-TV-LISTENER,210,deny,manual,4290,TRUE,TRUE,active
roam-cry-alert,Roam Cry Alert,"<p>A baby monitor for Deaf parents. When your baby cries, your receiver flashes and vibrates.</p><ul><li>Nursery unit hears crying and filters out background noise</li><li>Receiver flashes, vibrates and shows how loud the cry is</li><li>Pairs with the Roam Buzz Band and Shake Alarm Clock</li><li>Range: up to 250 metres</li><li>Receiver battery: up to 24 hours</li><li>Weight: 340 g for the pair</li></ul>",Roam,Deaf and hard of hearing,"deaf-hoh, everyday, alerts, home-tech",TRUE,Title,Default Title,ROAM-CRY-ALERT,340,deny,manual,5490,TRUE,TRUE,active
roam-voice-8,Roam Voice 8,"<p>Press a button, it speaks your message. Record in any language.</p><ul><li>8 large buttons, 10 seconds of recording each</li><li>3 levels, 24 messages in total</li><li>Swappable picture cards</li><li>Built-in speaker with volume dial</li><li>USB-C rechargeable</li><li>Weight: 620 g</li></ul>",Roam,Nonspeaking,"nonspeaking, everyday, communication",TRUE,Title,Default Title,ROAM-VOICE-8,620,deny,manual,8400,TRUE,TRUE,active
roam-message-button,Roam Message Button,"<p>One big button, one message. Record it once, press to play it.</p><ul><li>Records one message, up to 30 seconds</li><li>Large button, 9 cm across, light press</li><li>Loud built-in speaker</li><li>Runs on 2 AAA batteries, included</li><li>Non-slip base</li><li>Weight: 150 g</li></ul>",Roam,Nonspeaking,"nonspeaking, everyday, communication",TRUE,Title,Default Title,ROAM-MESSAGE-BUTTON,150,deny,manual,1290,TRUE,TRUE,active
roam-type-talk,Roam Type Talk,"<p>Type what you want to say and it says it out loud.</p><ul><li>Full keyboard with large keys</li><li>Speaks in English and Filipino, 6 voices</li><li>Saves 50 phrases for one-press replies</li><li>Screen shows your text to the person you are talking to</li><li>Battery: up to 12 hours</li><li>Weight: 420 g</li></ul>",Roam,Nonspeaking,"nonspeaking, everyday, travel, communication",TRUE,Title,Default Title,ROAM-TYPE-TALK,420,deny,manual,12900,TRUE,TRUE,active
roam-talk-tablet,Roam Talk Tablet,<p>A tablet that speaks. Tap pictures or type to build what you want to say.</p><ul><li>10 inch touch screen in a drop-proof case</li><li>Picture grid from 4 to 60 buttons per page</li><li>Text-to-speech in English and Filipino</li><li>Carry handle and fold-out stand</li><li>Battery: up to 10 hours</li><li>Weight: 780 g</li></ul>,Roam,Nonspeaking,"nonspeaking, everyday, travel, communication",TRUE,Title,Default Title,ROAM-TALK-TABLET,780,deny,manual,34900,TRUE,TRUE,active
roam-voice-amp,Roam Voice Amp,<p>A small speaker you wear that makes a quiet voice louder.</p><ul><li>Headset microphone with a soft band</li><li>Clip-on speaker for a belt or strap</li><li>Makes your voice up to 4 times louder</li><li>One large volume dial</li><li>Battery: up to 12 hours</li><li>Weight: 190 g</li></ul>,Roam,Nonspeaking,"nonspeaking, everyday, travel, communication",TRUE,Title,Default Title,ROAM-VOICE-AMP,190,deny,manual,3490,TRUE,TRUE,active
roam-write-pad,Roam Write Pad,"<p>Write it, show it, clear it with one button. A paperless pad for quick conversations.</p><ul><li>8.5 inch screen, bold lines that are easy to read</li><li>Clears with one large button</li><li>Lock switch stops accidental clearing</li><li>Stylus clips into the side</li><li>Battery lasts about a year, replaceable</li><li>Weight: 115 g</li></ul>",Roam,Nonspeaking,"nonspeaking, everyday, travel, communication",TRUE,Title,Default Title,ROAM-WRITE-PAD,115,deny,manual,890,TRUE,TRUE,active
roam-say-cards,Roam Say Cards,"<p>Ready-made cards for the things you say most, on a lanyard. Show one, skip the explaining.</p><ul><li>24 waterproof cards with pictures and words</li><li>English on one side, Filipino on the other</li><li>Includes cards for introducing how you communicate</li><li>4 blank cards to write your own</li><li>Lanyard and clip ring included</li><li>Weight: 90 g</li></ul>",Roam,Nonspeaking,"nonspeaking, everyday, travel, communication",TRUE,Title,Default Title,ROAM-SAY-CARDS,90,deny,manual,390,TRUE,TRUE,active
roam-talk-mount,Roam Talk Mount,"<p>Holds your speech tablet in front of you on a wheelchair, bed rail or desk.</p><ul><li>Fits tablets and speech devices from 7 to 13 inches</li><li>Clamps to tubes and edges from 15 to 60 mm</li><li>Two-joint arm, locks with one lever</li><li>Swings away for transfers</li><li>Holds up to 1.5 kg</li><li>Weight: 980 g</li></ul>",Roam,Nonspeaking,"nonspeaking, mobility, wheelchair, everyday, communication",TRUE,Title,Default Title,ROAM-TALK-MOUNT,980,deny,manual,4900,TRUE,TRUE,active
roam-braille-keys,Roam Braille Keys,"<p>Type braille on your phone or laptop.</p><ul><li>8-key braille layout plus space bar</li><li>Bluetooth: iOS, Android, Windows and macOS</li><li>Works with VoiceOver and TalkBack</li><li>Battery: up to 40 hours</li><li>Weight: 330 g</li></ul>",Roam,Blind and low vision,"blind-low-vision, everyday, travel, keyboards",TRUE,Title,Default Title,ROAM-BRAILLE-KEYS,330,deny,manual,15500,TRUE,TRUE,active
roam-braille-keyboard,Roam Braille Keyboard,"<p>A braille keyboard with a 40-cell braille display. Read and type without looking at a screen.</p><ul><li>8-key braille keyboard</li><li>40 refreshable braille cells</li><li>Bluetooth and USB-C, pairs with up to 5 devices</li><li>Works with VoiceOver, TalkBack, NVDA and JAWS</li><li>Battery: up to 20 hours</li><li>Weight: 650 g</li><li>Released: 2024</li></ul>",Roam,Blind and low vision,"blind-low-vision, everyday, travel, keyboards",TRUE,Title,Default Title,ROAM-BRAILLE-KB,650,deny,manual,39900,TRUE,TRUE,active
roam-talking-induction-cooker,Roam Talking Induction Cooker,"<p>An induction cooker that tells you what it is doing.</p><ul><li>Speaks power level, timer and pan detection</li><li>Tactile dial with a click for each step</li><li>Raised ring marks the cooking zone</li><li>2000 W, 220 V</li><li>Auto shut-off</li><li>Weight: 2.6 kg</li></ul>",Roam,Blind and low vision,"blind-low-vision, everyday, home-tech",TRUE,Title,Default Title,ROAM-TALKING-COOKER,2600,deny,manual,6190,TRUE,TRUE,active
roam-folding-white-cane,Roam Folding White Cane,<p>A light graphite white cane that folds into five sections.</p><ul><li>Length: 125 cm</li><li>Rolling ball tip</li><li>Non-slip grip with wrist loop</li><li>Weight: 250 g</li><li>Elastic cord holds it folded</li></ul>,Roam,Blind and low vision,"blind-low-vision, get-around, travel, canes-walkers",TRUE,Title,Default Title,ROAM-WHITE-CANE,250,deny,manual,1590,TRUE,TRUE,active
roam-tactile-dots,Roam Tactile Dots,"<p>Raised stick-on dots for marking the buttons and settings you use most.</p><ul><li>80 dots in 4 shapes and 3 sizes</li><li>Bright orange, black and clear</li><li>Stick to appliances, keyboards, remotes and switches</li><li>Peel off without marks</li><li>Heat-safe up to 80 degrees C</li><li>Weight: 30 g</li></ul>",Roam,Blind and low vision,"blind-low-vision, everyday, home-tech",TRUE,Title,Default Title,ROAM-TACTILE-DOTS,30,deny,manual,290,TRUE,TRUE,active
roam-talking-watch,Roam Talking Watch,"<p>Press the button and it tells you the time. High-contrast face you can also read up close.</p><ul><li>Speaks time and date in English or Filipino</li><li>Large white numbers on a black face</li><li>One big button, hourly chime you can switch off</li><li>Vibrating alarm</li><li>Battery: up to 2 years, replaceable</li><li>Water-resistant, weight: 45 g</li></ul>",Roam,Blind and low vision,"blind-low-vision, everyday, travel",TRUE,Title,Default Title,ROAM-TALKING-WATCH,45,deny,manual,1990,TRUE,TRUE,active
roam-pocket-magnifier,Roam Pocket Magnifier,"<p>A handheld screen that makes small print big: labels, menus, price tags and medicine boxes.</p><ul><li>Magnifies 2 to 32 times on a 5 inch screen</li><li>High-contrast modes: white on black, yellow on black and more</li><li>Freeze button to hold an image still</li><li>Reads text aloud</li><li>Battery: up to 4 hours</li><li>Weight: 230 g</li></ul>",Roam,Blind and low vision,"blind-low-vision, everyday, travel",TRUE,Title,Default Title,ROAM-POCKET-MAGNIFIER,230,deny,manual,6900,TRUE,TRUE,active
roam-ring-mouse,Roam Ring Mouse,"<p>One big button you wear on your finger. Press it with your thumb to click, or tap in Morse code to type.</p><ul><li>One large dome button, light press</li><li>Works as a mouse click or a Morse code switch</li><li>Elastic strap with pull tab, fits any finger</li><li>Bluetooth: iOS, Android, Windows and macOS</li><li>Battery: up to 20 hours</li><li>Weight: 18 g</li></ul>",Roam,Hands and dexterity,"dexterity, everyday, keyboards",TRUE,Title,Default Title,ROAM-RING-MOUSE,18,deny,manual,2690,TRUE,TRUE,active
roam-finger-mouse,Roam Finger Mouse,"<p>A trackpad that sits on your thumb, held by a strap across your fingers. Move the pointer without lifting your arm.</p><ul><li>Thumb trackpad with built-in click</li><li>Strap loops fit four fingers and adjust to size</li><li>Left or right hand</li><li>Bluetooth: Windows, macOS, Android and iPadOS</li><li>Battery: up to 30 hours</li><li>Weight: 25 g</li></ul>",Roam,Hands and dexterity,"dexterity, everyday, keyboards",TRUE,Title,Default Title,ROAM-FINGER-MOUSE,25,deny,manual,3490,TRUE,TRUE,active
roam-release-tool,Roam Release Tool,"<p>A muscle scraper with a cut-out handle your whole hand fits through. For tight feet, calves and forearms after training.</p><ul><li>Cut-out handle: hold it without pinching</li><li>Smooth rounded edges</li><li>Length: 16 cm</li><li>Weight: 140 g</li><li>Not a medical device</li></ul>",Roam,Hands and dexterity,"dexterity, sports, grip-recovery",TRUE,Title,Default Title,ROAM-RELEASE-TOOL,140,deny,manual,890,TRUE,TRUE,active
roam-touch-lock,Roam Touch Lock,"<p>A door lock with no key to turn. Open it with a fingerprint or a code.</p><ul><li>Unlocks by fingerprint, code or card</li><li>Stores up to 100 fingerprints</li><li>Large backlit keypad</li><li>Green light and beep confirm it is open</li><li>Battery backup for power cuts</li><li>Weight: 900 g</li></ul>",Roam,Hands and dexterity,"dexterity, everyday, home-tech",TRUE,Title,Default Title,ROAM-TOUCH-LOCK,900,deny,manual,7400,TRUE,TRUE,active
roam-bamboo-walking-stick,Roam Bamboo Walking Stick,"<p>A solid bamboo walking stick, cut to your height.</p><ul><li>Length: cut to order, 80 to 100 cm</li><li>Supports up to 100 kg</li><li>Natural bamboo, sealed against rain</li><li>Rubber tip included</li><li>Weight: 380 g</li></ul>",Roam,Mobility,"mobility, get-around, everyday, walking-aid, canes-walkers",TRUE,Title,Default Title,ROAM-BAMBOO-STICK,380,deny,manual,690,TRUE,TRUE,active
roam-everyday-wheelchair,Roam Everyday Wheelchair,<p>A folding manual wheelchair for daily use. Set up to your measurements before it ships.</p><ul><li>Seat width: 46 cm</li><li>Folds to 30 cm wide</li><li>Rear wheels: 24 inch with push rims</li><li>Supports up to 110 kg</li><li>Flip-back armrests and parking brakes</li><li>Weight: 14.5 kg</li></ul>,Roam,Mobility,"mobility, get-around, everyday, travel, wheelchair, wheelchair-gear",TRUE,Title,Default Title,ROAM-EVERYDAY-CHAIR,14500,deny,manual,14500,TRUE,TRUE,active
roam-kids-wheelchair,Roam Kids Wheelchair,"<p>A light wheelchair for children that grows with them. Comes with a pair of printed spoke guards.</p><ul><li>For ages 3 to 10</li><li>Seat width: adjusts from 24 to 32 cm</li><li>Push handle for adults, height-adjustable and removable</li><li>Rear wheels: 20 inch</li><li>Supports up to 45 kg</li><li>Weight: 8.5 kg</li></ul>",Roam,Mobility,"mobility, get-around, everyday, wheelchair, wheelchair-gear",TRUE,Title,Default Title,ROAM-KIDS-CHAIR,8500,deny,manual,24500,TRUE,TRUE,active
roam-underseat-bag,Roam Underseat Bag,"<p>A bag that hangs under your wheelchair seat, out of the way of your wheels.</p><ul><li>Capacity: 12 litres</li><li>Fits seats 36 to 50 cm wide</li><li>Straps to the frame, no tools</li><li>Water-resistant fabric, drawstring top</li><li>Weight: 240 g</li></ul>",Roam,Mobility,"mobility, everyday, travel, wheelchair, wheelchair-gear",TRUE,Title,Default Title,ROAM-UNDERSEAT-BAG,240,deny,manual,990,TRUE,TRUE,active
roam-spoke-guards,Roam Spoke Guards,"<p>Printed covers for your wheels. They protect your spokes and fingers, and they look like you. Sold as a pair.</p><ul><li>Sizes: 20, 22 and 24 inch</li><li>Pick a print or send your own artwork</li><li>Clip to the spokes, no tools</li><li>Sand and water safe</li><li>Weight: 300 g each</li></ul>",Roam,Mobility,"mobility, everyday, travel, wheelchair, wheelchair-gear",TRUE,Title,Default Title,ROAM-SPOKE-GUARDS,600,deny,manual,1990,TRUE,TRUE,active
roam-city-scooter,Roam City Scooter,<p>A four-wheel mobility scooter for pavements and bike lanes.</p><ul><li>Range: up to 30 km per charge</li><li>Top speed: 8 km/h</li><li>Supports up to 130 kg</li><li>Holder at the back for crutches or a cane</li><li>Swivel seat with armrests</li><li>Weight: 62 kg</li></ul>,Roam,Mobility,"mobility, get-around, everyday, walking-aid",TRUE,Title,Default Title,ROAM-CITY-SCOOTER,62000,deny,manual,72500,TRUE,TRUE,active
roam-sprint-racing-chair,Roam Sprint Racing Chair,"<p>A three-wheel racing wheelchair for road and track. Built to your measurements.</p><ul><li>Frame: aluminium, built to order</li><li>Rear wheels: 700c discs, cambered</li><li>Front wheel: 20 inch, spoked</li><li>Steering compensator for track bends</li><li>Weight: 9.5 kg</li><li>Build time: 6 weeks</li><li>Released: 2024</li></ul>",Roam,Mobility,"mobility, sports, wheelchair, wheelchair-gear",TRUE,Title,Default Title,ROAM-SPRINT-CHAIR,9500,deny,manual,89000,TRUE,TRUE,active
roam-bionic-arm,Roam Bionic Arm,"<p>A below-elbow prosthetic arm with a powered hand, built around a scan of your arm.</p><ul><li>Hand: 8 grip patterns, opened and closed by muscle sensors</li><li>Socket: made to order from a 3D scan</li><li>Battery: a full day, USB-C charging</li><li>Splash-proof hand and forearm</li><li>Fitting at the Roam showroom included</li><li>Weight: 1.1 kg</li><li>Released: 2024</li></ul>",Roam,Hands and dexterity,"dexterity, everyday, sports",TRUE,Title,Default Title,ROAM-BIONIC-ARM,1100,deny,manual,189000,TRUE,TRUE,active
roam-braille-keyboard-2000,Roam Braille Keyboard 2000,"<p>The Braille Keyboard with its own memory and screen. Write, save and read notes with no phone or laptop connected.</p><ul><li>8-key braille keyboard with quieter keys</li><li>40 refreshable braille cells, twice as fast</li><li>Built-in notes, 64 GB storage and a small screen for sighted helpers</li><li>Wi-Fi, Bluetooth and USB-C, pairs with up to 8 devices</li><li>Works with VoiceOver, TalkBack, NVDA and JAWS</li><li>Battery: up to 30 hours</li><li>Weight: 590 g</li><li>Released: 2026</li></ul>",Roam,Blind and low vision,"blind-low-vision, everyday, travel, keyboards",TRUE,Title,Default Title,ROAM-BRAILLE-KB-2000,590,deny,manual,59900,TRUE,TRUE,active
roam-bionic-arm-2000,Roam Bionic Arm 2000,"<p>An above-elbow prosthetic arm with a powered elbow, wrist and hand, built around a scan of your arm.</p><ul><li>Powered elbow and rotating wrist</li><li>Hand: 14 grip patterns, each finger moves on its own</li><li>Socket and shoulder harness: made to order from a 3D scan</li><li>Battery: two days, USB-C fast charging</li><li>Water-resistant to 1 metre</li><li>Fitting at the Roam showroom included</li><li>Weight: 2.4 kg with the elbow</li><li>Released: 2026</li></ul>",Roam,Hands and dexterity,"dexterity, everyday, sports",TRUE,Title,Default Title,ROAM-BIONIC-ARM-2000,2400,deny,manual,289000,TRUE,TRUE,active
roam-sprint-racing-chair-2000,Roam Sprint Racing Chair 2000,"<p>The Sprint in full carbon fibre. Lighter and stiffer, built to your measurements.</p><ul><li>Frame: one-piece carbon fibre, built to order</li><li>Rear wheels: 700c carbon discs, cambered</li><li>Front wheel: 20 inch carbon, six spokes</li><li>Steering compensator you can adjust without tools</li><li>Weight: 7.2 kg</li><li>Build time: 8 weeks</li><li>Released: 2026</li></ul>",Roam,Mobility,"mobility, sports, wheelchair, wheelchair-gear",TRUE,Title,Default Title,ROAM-SPRINT-CHAIR-2000,7200,deny,manual,139000,TRUE,TRUE,active
